,Rank,Name,Team,Position,ProjectedPoints,position,team,adp,adp_formatted,times_drafted,high,low,stdev,bye
0,1,Ja'Marr Chase,Cin,WR,339.0,WR,CIN,1.5,1.02,2027.0,1.0,5.0,0.8,10.0
1,2,Bijan Robinson,Atl,RB,335.8,RB,ATL,2.2,1.02,1383.0,1.0,5.0,0.8,5.0
2,3,Justin Jefferson,Min,WR,324.5,WR,MIN,4.9,1.05,1445.0,1.0,10.0,1.4,6.0
3,4,Saquon Barkley,Phi,RB,325.1,RB,PHI,2.5,1.02,859.0,1.0,7.0,1.0,9.0
4,5,Jahmyr Gibbs,Det,RB,317.1,RB,DET,4.2,1.04,1952.0,1.0,14.0,1.2,8.0
5,6,CeeDee Lamb,Dal,WR,315.2,WR,DAL,5.8,1.06,2049.0,1.0,11.0,1.5,10.0
6,7,Christian McCaffrey,SF,RB,322.1,RB,SF,6.8,1.07,1793.0,2.0,13.0,1.7,14.0
7,8,Puka Nacua,LAR,WR,310.0,WR,LAR,9.9,1.10,750.0,4.0,17.0,2.2,8.0
8,9,Malik Nabers,NYG,WR,300.1,WR,NYG,9.2,1.09,1566.0,3.0,18.0,2.1,14.0
9,10,Amon-Ra St. Brown,Det,WR,290.3,WR,DET,13.0,2.01,2378.0,6.0,22.0,2.5,8.0
10,11,Ashton Jeanty,LV,RB,297.9,RB,LV,11.0,1.11,1665.0,4.0,19.0,2.5,8.0
11,12,De'Von Achane,Mia,RB,306.3,RB,MIA,8.8,1.09,1249.0,3.0,15.0,1.9,12.0
12,13,Nico Collins,Hou,WR,278.5,WR,HOU,11.6,1.12,1667.0,5.0,20.0,2.4,6.0
13,14,Brian Thomas Jr.,Jax,WR,270.7,WR,JAX,15.2,2.03,1549.0,7.0,24.0,3.0,8.0
14,15,A.J. Brown,Phi,WR,275.5,WR,PHI,19.1,2.07,1330.0,12.0,28.0,2.5,9.0
15,16,Drake London,Atl,WR,267.5,WR,ATL,17.2,2.05,1550.0,10.0,27.0,2.6,5.0
16,17,Jonathan Taylor,Ind,RB,291.6,RB,IND,18.4,2.06,1679.0,11.0,28.0,2.8,11.0
17,18,Josh Jacobs,GB,RB,282.4,RB,GB,15.8,2.04,1303.0,8.0,26.0,2.6,5.0
18,19,Derrick Henry,Bal,RB,280.7,RB,BAL,11.1,1.11,2395.0,4.0,19.0,2.7,7.0
19,20,Brock Bowers,LV,TE,261.0,TE,LV,26.6,3.03,2575.0,14.0,42.0,4.7,8.0
20,21,Trey McBride,Ari,TE,259.3,TE,ARI,31.0,3.07,1554.0,21.0,44.0,3.9,8.0
21,22,Bucky Irving,TB,RB,282.5,RB,TB,18.4,2.06,1772.0,9.0,30.0,3.3,9.0
22,23,Chase Brown,Cin,RB,281.0,RB,CIN,21.3,2.09,3004.0,11.0,34.0,3.7,10.0
23,24,Tee Higgins,Cin,WR,264.6,WR,CIN,23.7,2.12,598.0,14.0,35.0,3.5,10.0
24,25,Tyreek Hill,Mia,WR,263.0,WR,MIA,26.2,3.02,1449.0,16.0,39.0,3.7,12.0
25,26,Ladd McConkey,LAC,WR,253.1,WR,LAC,25.0,3.01,1733.0,16.0,39.0,3.4,12.0
26,27,Davante Adams,LAR,WR,257.0,WR,LAR,30.4,3.06,769.0,19.0,69.0,4.0,8.0
27,28,Josh Allen,Buf,QB,365.6,QB,BUF,25.0,3.01,1568.0,12.0,36.0,4.8,7.0
28,29,Lamar Jackson,Bal,QB,362.7,QB,BAL,21.0,2.09,1219.0,7.0,34.0,5.2,7.0
29,30,Jayden Daniels,Wsh,QB,367.5,QB,WAS,32.7,3.09,1137.0,18.0,58.0,5.5,12.0
30,31,Jalen Hurts,Phi,QB,364.5,QB,PHI,41.4,4.05,1921.0,25.0,59.0,6.0,9.0
31,32,Kyren Williams,LAR,RB,279.2,RB,LAR,20.9,2.09,1512.0,12.0,30.0,3.2,8.0
32,33,James Cook,Buf,RB,268.5,RB,BUF,31.7,3.08,2589.0,19.0,46.0,4.9,7.0
33,34,Jaxon Smith-Njigba,Sea,WR,240.1,WR,SEA,36.0,3.12,1996.0,23.0,53.0,4.7,8.0
34,35,Terry McLaurin,Wsh,WR,246.8,WR,WAS,40.5,4.05,1124.0,28.0,57.0,4.7,12.0
35,36,Garrett Wilson,NYJ,WR,239.6,WR,NYJ,41.0,4.05,1556.0,27.0,54.0,5.2,9.0
36,37,Omarion Hampton,LAC,RB,259.0,RB,LAC,41.9,4.06,2907.0,27.0,55.0,5.6,12.0
37,38,Kenneth Walker III,Sea,RB,265.2,RB,SEA,36.0,3.12,1965.0,23.0,51.0,5.0,8.0
38,39,Joe Burrow,Cin,QB,329.7,QB,CIN,29.1,3.05,933.0,14.0,43.0,5.6,10.0
39,40,George Kittle,SF,TE,225.4,TE,SF,43.0,4.07,2050.0,28.0,60.0,5.6,14.0
40,41,Alvin Kamara,NO,RB,264.7,RB,NO,27.7,3.04,1017.0,18.0,43.0,3.4,11.0
41,42,Chuba Hubbard,Car,RB,257.3,RB,CAR,41.2,4.05,1139.0,27.0,55.0,5.1,14.0
42,43,James Conner,Ari,RB,249.8,RB,ARI,40.1,4.04,863.0,27.0,52.0,4.8,8.0
43,44,TreVeyon Henderson,NE,RB,221.9,RB,NE,54.8,5.07,2934.0,35.0,72.0,7.4,14.0
44,45,Mike Evans,TB,WR,237.2,WR,TB,32.4,3.08,1386.0,21.0,46.0,4.1,9.0
45,46,Marvin Harrison Jr.,Ari,WR,240.0,WR,ARI,38.4,4.02,1571.0,25.0,56.0,5.0,8.0
46,47,Xavier Worthy,KC,WR,242.7,WR,KC,52.6,5.05,1011.0,38.0,77.0,5.3,10.0
47,48,DK Metcalf,Pit,WR,240.5,WR,PIT,44.2,4.08,1347.0,31.0,60.0,4.9,5.0
48,49,DJ Moore,Chi,WR,238.5,WR,CHI,46.6,4.11,795.0,34.0,65.0,4.8,5.0
49,50,Rashee Rice,KC,WR,191.4,WR,KC,73.9,7.02,2253.0,51.0,96.0,8.8,10.0
50,51,Breece Hall,NYJ,RB,223.4,RB,NYJ,36.2,3.12,1173.0,21.0,55.0,5.6,9.0
51,52,D'Andre Swift,Chi,RB,226.7,RB,CHI,52.9,5.05,1690.0,37.0,72.0,5.8,5.0
52,53,Zay Flowers,Bal,WR,232.1,WR,BAL,55.0,5.07,907.0,40.0,75.0,5.5,7.0
53,54,Courtland Sutton,Den,WR,228.3,WR,DEN,49.6,5.02,1881.0,36.0,69.0,5.0,12.0
54,55,Calvin Ridley,Ten,WR,230.3,WR,TEN,57.9,5.10,2449.0,40.0,82.0,6.7,10.0
55,56,DeVonta Smith,Phi,WR,222.9,WR,PHI,49.5,5.02,1010.0,37.0,68.0,4.8,9.0
56,57,Jaylen Waddle,Mia,WR,225.9,WR,MIA,67.1,6.07,1112.0,48.0,88.0,7.3,12.0
57,58,Jerry Jeudy,Cle,WR,233.4,WR,CLE,58.0,5.10,470.0,42.0,83.0,6.1,9.0
58,59,Jameson Williams,Det,WR,218.5,WR,DET,67.4,6.07,2159.0,46.0,91.0,8.0,8.0
59,60,George Pickens,Dal,WR,219.7,WR,DAL,62.6,6.03,1841.0,44.0,89.0,7.1,10.0
60,61,Sam LaPorta,Det,TE,191.5,TE,DET,63.0,6.03,1250.0,38.0,86.0,9.4,8.0
61,62,Patrick Mahomes,KC,QB,325.1,QB,KC,52.4,5.04,684.0,35.0,79.0,6.7,10.0
62,63,Baker Mayfield,TB,QB,310.7,QB,TB,50.7,5.03,524.0,32.0,73.0,6.9,9.0
63,64,Rome Odunze,Chi,WR,217.4,WR,CHI,83.5,7.11,1256.0,63.0,102.0,7.7,5.0
64,65,Tetairoa McMillan,Car,WR,213.9,WR,CAR,57.6,5.10,2139.0,40.0,83.0,6.4,14.0
65,66,Travis Hunter,Jax,"WR, CB",213.2,WR,JAX,72.1,6.12,1415.0,49.0,94.0,8.6,8.0
66,67,David Montgomery,Det,RB,213.4,RB,DET,57.6,5.10,829.0,41.0,73.0,6.3,8.0
67,68,Aaron Jones Sr.,Min,RB,213.0,RB,MIN,59.2,5.11,865.0,42.0,72.0,6.6,6.0
68,69,T.J. Hockenson,Min,TE,187.1,TE,MIN,75.7,7.04,585.0,52.0,112.0,8.9,6.0
69,70,Tony Pollard,Ten,RB,210.4,RB,TEN,57.1,5.09,934.0,41.0,72.0,6.1,10.0
70,71,RJ Harvey,Den,RB,202.5,RB,DEN,63.2,6.03,1577.0,44.0,90.0,7.1,12.0
71,72,Isiah Pacheco,KC,RB,211.1,RB,KC,66.5,6.06,1590.0,48.0,85.0,6.9,10.0
72,73,Chris Godwin,TB,WR,192.9,WR,TB,85.2,8.01,560.0,58.0,112.0,10.1,9.0
73,74,Jakobi Meyers,LV,WR,218.5,WR,LV,63.1,6.03,738.0,46.0,89.0,6.5,8.0
74,75,Chris Olave,NO,WR,206.6,WR,NO,75.5,7.04,990.0,53.0,97.0,8.3,11.0
75,76,Cooper Kupp,Sea,WR,201.7,WR,SEA,93.2,8.09,1070.0,70.0,117.0,8.6,8.0
76,77,Stefon Diggs,NE,WR,200.7,WR,NE,79.8,7.08,1510.0,59.0,99.0,7.9,14.0
77,78,Matthew Golden,GB,WR,204.0,WR,GB,88.5,8.05,1360.0,68.0,108.0,7.5,5.0
78,79,Jordan Addison,Min,WR,176.4,WR,MIN,99.5,9.04,997.0,78.0,124.0,8.3,6.0
79,80,Tyrone Tracy Jr.,NYG,RB,206.3,RB,NYG,78.5,7.07,1038.0,58.0,101.0,7.6,14.0
80,81,Jaylen Warren,Pit,RB,204.2,RB,PIT,76.5,7.04,488.0,57.0,96.0,7.4,5.0
81,82,Kaleb Johnson,Pit,RB,189.5,RB,PIT,75.6,7.04,1015.0,55.0,96.0,7.8,5.0
82,83,Travis Kelce,KC,TE,177.7,TE,KC,69.0,6.09,841.0,43.0,96.0,9.8,10.0
83,84,David Njoku,Cle,TE,176.7,TE,CLE,80.9,7.09,255.0,58.0,127.0,8.8,9.0
84,85,Mark Andrews,Bal,TE,170.8,TE,BAL,88.3,8.04,591.0,57.0,145.0,12.0,7.0
85,86,Evan Engram,Den,TE,169.1,TE,DEN,96.7,9.01,1249.0,58.0,149.0,14.6,12.0
86,87,Bo Nix,Den,QB,301.6,QB,DEN,69.8,6.10,1093.0,44.0,97.0,9.9,12.0
87,88,Kyler Murray,Ari,QB,306.5,QB,ARI,81.4,7.09,682.0,55.0,106.0,10.0,8.0
88,89,Brock Purdy,SF,QB,306.2,QB,SF,76.6,7.05,313.0,48.0,102.0,10.8,14.0
89,90,Joe Mixon,Hou,RB,198.4,RB,HOU,73.5,7.02,996.0,49.0,113.0,9.2,6.0
90,91,Quinshon Judkins,Cle,RB,197.9,RB,CLE,113.8,10.06,600.0,55.0,167.0,22.9,9.0
91,92,Brian Robinson Jr.,Wsh,RB,193.6,RB,WAS,79.6,7.08,891.0,60.0,96.0,7.3,12.0
92,93,J.K. Dobbins,Den,RB,172.4,RB,DEN,90.5,8.07,865.0,67.0,121.0,8.9,12.0
93,94,Rhamondre Stevenson,NE,RB,174.0,RB,NE,111.5,10.04,773.0,76.0,150.0,15.0,14.0
94,95,Javonte Williams,Dal,RB,162.9,RB,DAL,110.8,10.03,1100.0,74.0,148.0,14.0,10.0
95,96,Khalil Shakir,Buf,WR,206.6,WR,BUF,84.2,7.12,632.0,63.0,101.0,7.9,7.0
96,97,Jauan Jennings,SF,WR,201.3,WR,SF,77.2,7.05,691.0,57.0,97.0,7.4,14.0
97,98,Deebo Samuel,Wsh,WR,201.2,WR,WAS,75.2,7.03,1108.0,53.0,95.0,8.5,12.0
98,99,Ricky Pearsall,SF,WR,186.4,WR,SF,92.1,8.08,1861.0,68.0,116.0,9.2,14.0
99,100,Keon Coleman,Buf,WR,180.8,WR,BUF,107.7,9.12,657.0,84.0,127.0,8.9,7.0
100,101,Michael Pittman Jr.,Ind,WR,182.4,WR,IND,100.0,9.04,544.0,81.0,120.0,6.9,11.0
101,102,Jayden Reed,GB,WR,166.8,WR,GB,91.8,8.08,293.0,69.0,117.0,8.6,5.0
102,103,Justin Herbert,LAC,QB,283.5,QB,LAC,109.3,10.01,604.0,80.0,140.0,11.3,12.0
103,104,Caleb Williams,Chi,QB,280.4,QB,CHI,104.5,9.09,473.0,76.0,147.0,10.9,5.0
104,105,Dak Prescott,Dal,QB,285.7,QB,DAL,85.5,8.02,1730.0,58.0,118.0,10.5,10.0
105,106,Justin Fields,NYJ,QB,296.5,QB,NYJ,103.8,9.08,975.0,75.0,137.0,10.9,9.0
106,107,Keenan Allen,LAC,WR,184.6,WR,LAC,115.4,10.07,745.0,90.0,148.0,9.7,12.0
107,108,Darnell Mooney,Atl,WR,160.5,WR,ATL,103.1,9.07,272.0,80.0,125.0,8.8,5.0
108,109,Josh Downs,Ind,WR,163.2,WR,IND,103.5,9.08,413.0,84.0,123.0,7.2,11.0
109,110,Rashid Shaheed,NO,WR,184.4,WR,NO,105.5,9.09,156.0,81.0,122.0,9.3,11.0
110,111,Jayden Higgins,Hou,WR,156.3,WR,HOU,132.9,12.01,261.0,101.0,166.0,12.3,6.0
111,112,Emeka Egbuka,TB,WR,150.4,WR,TB,117.8,10.10,2389.0,79.0,150.0,14.7,9.0
112,113,Tucker Kraft,GB,TE,160.5,TE,GB,108.6,10.01,504.0,64.0,151.0,17.0,5.0
113,114,Austin Ekeler,Wsh,RB,161.6,RB,WAS,105.4,9.09,409.0,74.0,143.0,11.8,12.0
114,115,Cam Skattebo,NYG,RB,140.1,RB,NYG,123.4,11.03,1000.0,82.0,150.0,15.7,14.0
115,116,Travis Etienne Jr.,Jax,RB,153.2,RB,JAX,97.9,9.02,1780.0,67.0,137.0,11.7,8.0
116,117,Tyjae Spears,Ten,RB,158.2,RB,TEN,123.6,11.04,287.0,89.0,150.0,13.0,10.0
117,118,Tank Bigsby,Jax,RB,142.6,RB,JAX,134.6,12.03,790.0,85.0,178.0,18.7,8.0
118,119,Jordan Mason,Min,RB,127.9,RB,MIN,105.9,9.10,2080.0,68.0,150.0,14.3,6.0
119,120,Rachaad White,TB,RB,129.9,RB,TB,132.4,11.12,285.0,96.0,170.0,13.9,9.0
120,121,Drake Maye,NE,QB,271.3,QB,NE,117.5,10.09,751.0,84.0,152.0,12.6,14.0
121,122,Jordan Love,GB,QB,264.6,QB,GB,116.2,10.08,536.0,85.0,149.0,11.7,5.0
122,123,Jared Goff,Det,QB,260.5,QB,DET,96.1,8.12,957.0,64.0,126.0,12.3,8.0
123,124,J.J. McCarthy,Min,QB,281.6,QB,MIN,108.8,10.01,413.0,78.0,150.0,11.7,6.0
124,125,Colston Loveland,Chi,TE,155.7,TE,CHI,142.4,12.10,489.0,84.0,181.0,22.4,5.0
125,126,Tyler Warren,Ind,TE,153.3,TE,IND,126.1,11.06,1768.0,71.0,178.0,21.2,11.0
126,127,Dallas Goedert,Phi,TE,156.8,TE,PHI,126.0,11.06,525.0,83.0,166.0,16.5,9.0
127,128,Jake Ferguson,Dal,TE,149.2,TE,DAL,112.7,10.05,458.0,67.0,155.0,17.4,10.0
128,129,Dalton Kincaid,Buf,TE,147.1,TE,BUF,130.8,11.11,691.0,81.0,173.0,18.9,7.0
129,130,Trey Benson,Ari,RB,124.2,RB,ARI,144.0,12.12,437.0,93.0,180.0,19.6,8.0
130,131,Zach Charbonnet,Sea,RB,113.1,RB,SEA,114.5,10.07,1105.0,77.0,150.0,14.1,8.0
131,132,Jaydon Blue,Dal,RB,102.5,RB,DAL,139.0,12.07,639.0,89.0,178.0,19.2,10.0
132,133,Tyler Allgeier,Atl,RB,97.7,RB,ATL,152.5,13.08,175.0,99.0,189.0,20.5,5.0
133,134,Jaylen Wright,Mia,RB,95.7,RB,MIA,154.7,13.11,91.0,108.0,210.0,20.7,12.0
134,135,Braelon Allen,NYJ,RB,84.0,RB,NYJ,150.5,13.06,242.0,80.0,210.0,26.7,9.0
135,136,Adam Thielen,Car,WR,168.1,WR,CAR,119.8,10.12,172.0,97.0,143.0,8.5,14.0
136,137,Xavier Legette,Car,WR,155.6,WR,CAR,152.2,13.08,99.0,115.0,180.0,14.0,14.0
137,138,Cedric Tillman,Cle,WR,167.3,WR,CLE,123.4,11.03,175.0,97.0,148.0,10.1,9.0
138,139,Hollywood Brown,KC,WR,160.8,WR,PHI,19.1,2.07,1330.0,12.0,28.0,2.5,9.0
139,140,Brandon Aiyuk,SF,WR,112.4,WR,SF,146.9,13.03,449.0,102.0,181.0,17.1,14.0
140,141,Hunter Henry,NE,TE,146.1,TE,NE,154.3,13.10,102.0,101.0,180.0,20.3,14.0
141,142,Kyle Pitts Sr.,Atl,TE,142.8,TE,ATL,147.7,13.04,347.0,85.0,200.0,23.8,5.0
142,143,Tua Tagovailoa,Mia,QB,274.4,QB,MIA,138.8,12.07,201.0,102.0,169.0,14.0,12.0
143,144,Matthew Stafford,LAR,QB,274.6,QB,LAR,145.3,13.01,181.0,103.0,178.0,16.1,8.0
144,145,C.J. Stroud,Hou,QB,272.7,QB,HOU,125.9,11.06,782.0,93.0,154.0,12.4,6.0
145,146,Jerome Ford,Cle,RB,89.5,RB,CLE,136.9,12.05,368.0,89.0,180.0,18.3,9.0
146,147,Najee Harris,LAC,RB,94.9,RB,LAC,133.0,12.01,414.0,89.0,169.0,16.7,12.0
147,148,Bhayshul Tuten,Jax,RB,54.9,RB,JAX,155.0,13.11,85.0,95.0,210.0,23.1,8.0
148,149,Isaac Guerendo,SF,RB,87.5,RB,SF,151.2,13.07,341.0,91.0,202.0,23.0,14.0
149,150,Ray Davis,Buf,RB,81.1,RB,BUF,151.1,13.07,325.0,96.0,196.0,21.2,7.0
150,151,Will Shipley,Phi,RB,56.7,RB,PHI,164.7,14.09,11.0,140.0,179.0,10.7,9.0
151,152,Wan'Dale Robinson,NYG,WR,152.1,WR,NYG,128.6,11.09,106.0,102.0,150.0,10.3,14.0
152,153,Marvin Mims Jr.,Den,WR,149.6,WR,DEN,129.6,11.10,324.0,97.0,151.0,12.2,12.0
153,154,Christian Kirk,Hou,WR,139.6,WR,HOU,129.5,11.09,285.0,99.0,152.0,11.7,6.0
154,155,Rashod Bateman,Bal,WR,133.5,WR,BAL,133.8,12.02,134.0,103.0,154.0,11.5,7.0
155,156,DeMario Douglas,NE,WR,130.6,WR,NE,151.9,13.08,140.0,117.0,180.0,13.1,14.0
156,157,Luther Burden III,Chi,WR,102.6,WR,CHI,157.7,14.02,105.0,118.0,180.0,14.9,5.0
157,158,Jalen McMillan,TB,WR,96.3,WR,TB,158.8,14.03,23.0,101.0,190.0,24.3,9.0
158,159,Tre Harris,LAC,WR,107.4,WR,LAC,155.4,13.11,40.0,119.0,176.0,13.7,12.0
159,160,Nick Chubb,Hou,RB,112.4,RB,HOU,151.1,13.07,242.0,79.0,210.0,27.4,6.0
160,161,Justice Hill,Bal,RB,108.0,RB,BAL,171.0,15.03,41.0,139.0,210.0,20.1,7.0
161,162,MarShawn Lloyd,GB,RB,76.4,,,,,,,,,
162,163,Michael Wilson,Ari,WR,115.8,WR,ARI,165.8,14.10,19.0,149.0,177.0,7.4,8.0
163,164,Jack Bech,LV,WR,119.7,WR,LV,168.0,14.12,35.0,119.0,203.0,18.5,8.0
164,165,Chig Okonkwo,Ten,TE,144.5,TE,TEN,149.2,13.05,31.0,90.0,195.0,22.7,10.0
165,166,Darren Waller,Mia,TE,144.3,TE,MIA,160.4,14.04,35.0,111.0,209.0,21.1,12.0
166,167,Zach Ertz,Wsh,TE,140.2,TE,WAS,144.4,12.12,260.0,91.0,180.0,20.5,12.0
167,168,Jonnu Smith,Pit,TE,135.2,TE,PIT,157.1,14.01,78.0,106.0,190.0,19.6,5.0
168,169,Texans D/ST,Hou,D/ST,131.3,WR,DET,13.0,2.01,2378.0,6.0,22.0,2.5,8.0
169,170,Steelers D/ST,Pit,D/ST,132.3,,,,,,,,,
170,171,Broncos D/ST,Den,D/ST,127.3,,,,,,,,,
171,172,Vikings D/ST,Min,D/ST,121.2,,,,,,,,,
172,173,Seahawks D/ST,Sea,D/ST,119.4,,,,,,,,,
173,174,Ravens D/ST,Bal,D/ST,120.4,WR,DET,13.0,2.01,2378.0,6.0,22.0,2.5,8.0
174,175,Patriots D/ST,NE,D/ST,115.8,,,,,,,,,
175,176,Lions D/ST,Det,D/ST,118.2,WR,DET,13.0,2.01,2378.0,6.0,22.0,2.5,8.0
176,177,Eagles D/ST,Phi,D/ST,100.0,WR,DET,13.0,2.01,2378.0,6.0,22.0,2.5,8.0
177,178,Bills D/ST,Buf,D/ST,104.9,WR,DET,13.0,2.01,2378.0,6.0,22.0,2.5,8.0
178,179,Colts D/ST,Ind,D/ST,108.5,WR,DET,13.0,2.01,2378.0,6.0,22.0,2.5,8.0
179,180,Jets D/ST,NYJ,D/ST,96.2,WR,DET,13.0,2.01,2378.0,6.0,22.0,2.5,8.0
180,181,Jake Bates,Det,K,144.8,PK,DET,143.1,12.11,300.0,92.0,190.0,19.3,8.0
181,182,Chase McLaughlin,TB,K,146.3,PK,TB,151.1,13.07,126.0,107.0,192.0,17.5,9.0
182,183,Cameron Dicker,LAC,K,143.7,PK,LAC,142.0,12.10,264.0,96.0,188.0,17.4,12.0
183,184,Brandon Aubrey,Dal,K,142.2,PK,DAL,132.7,12.01,1470.0,79.0,186.0,20.6,10.0
184,185,Jason Sanders,Mia,K,140.6,PK,MIA,159.9,14.04,52.0,91.0,208.0,26.4,12.0
185,186,Tyler Bass,Buf,K,141.3,PK,BUF,146.4,13.02,117.0,97.0,191.0,19.4,7.0
186,187,Jake Elliott,Phi,K,141.1,PK,PHI,151.1,13.07,144.0,96.0,197.0,20.9,9.0
187,188,Chris Boswell,Pit,K,138.2,PK,PIT,161.4,14.05,68.0,94.0,210.0,25.9,5.0
188,189,Harrison Butker,KC,K,138.9,PK,KC,146.2,13.02,191.0,88.0,195.0,22.2,10.0
189,190,Cairo Santos,Chi,K,139.6,,,,,,,,,
190,191,Tyler Loop,Bal,K,140.0,PK,BAL,159.7,14.04,127.0,119.0,201.0,16.6,7.0
191,192,Matt Gay,Wsh,K,140.0,PK,WAS,136.0,12.04,164.0,63.0,188.0,27.8,12.0
192,193,Kyle Williams,NE,WR,96.9,WR,NE,163.2,14.07,56.0,114.0,199.0,20.8,14.0
193,194,Romeo Doubs,GB,WR,128.5,WR,GB,141.3,12.09,66.0,112.0,159.0,11.0,5.0
194,195,Roschon Johnson,Chi,RB,88.0,RB,CHI,157.1,14.01,77.0,108.0,195.0,18.7,5.0
195,196,Dylan Sampson,Cle,RB,57.2,RB,CLE,148.5,13.04,144.0,92.0,208.0,23.1,9.0
196,197,Tyler Lockett,Ten,WR,117.5,WR,TEN,169.2,15.01,46.0,125.0,191.0,16.8,10.0
197,198,Trevor Lawrence,Jax,QB,278.8,QB,JAX,132.3,11.12,346.0,105.0,154.0,10.5,8.0
198,199,Cam Ward,Ten,QB,255.5,RB,NYG,123.4,11.03,1000.0,82.0,150.0,15.7,14.0
199,200,Michael Penix Jr.,Atl,QB,250.6,QB,ATL,154.1,13.10,286.0,106.0,181.0,18.2,5.0
200,201,Nick Westbrook-Ikhine,Mia,WR,108.9,RB,HOU,151.1,13.07,242.0,79.0,210.0,27.4,6.0
201,202,Joshua Palmer,Buf,WR,111.4,WR,BUF,153.3,13.09,154.0,118.0,180.0,13.2,7.0
202,203,Diontae Johnson,Cle,WR,75.3,,,,,,,,,
203,204,Brandin Cooks,NO,WR,108.4,,,,,,,,,
204,205,Darius Slayton,NYG,WR,114.8,WR,NYG,177.4,15.09,17.0,142.0,206.0,17.6,14.0
205,206,Brenton Strange,Jax,TE,139.9,TE,JAX,163.5,14.08,42.0,113.0,208.0,21.9,8.0
206,207,Mason Taylor,NYJ,TE,129.2,,,,,,,,,
207,208,DeAndre Hopkins,Bal,WR,86.4,WR,BAL,164.4,14.08,35.0,95.0,210.0,27.4,7.0
208,209,Pat Bryant,Den,WR,66.6,,,,,,,,,
209,210,Quentin Johnston,LAC,WR,98.5,WR,LAC,167.4,14.11,29.0,117.0,200.0,19.1,12.0
210,211,Dont'e Thornton Jr.,LV,WR,66.7,WR,LV,167.2,14.11,39.0,106.0,205.0,23.4,8.0
211,212,Woody Marks,Hou,RB,72.1,RB,HOU,169.7,15.02,15.0,150.0,198.0,14.3,6.0
212,213,Kareem Hunt,KC,RB,70.9,RB,KC,168.5,14.12,41.0,91.0,210.0,29.7,10.0
213,214,Blake Corum,LAR,RB,52.4,RB,LAR,153.4,13.09,20.0,106.0,204.0,28.8,8.0
214,215,Cade Otton,TB,TE,133.9,TE,TB,156.7,14.01,27.0,97.0,199.0,25.9,9.0
215,216,Pat Freiermuth,Pit,TE,134.0,,,,,,,,,
216,217,Dalton Schultz,Hou,TE,121.6,,,,,,,,,
217,218,Bryce Young,Car,QB,265.7,QB,CAR,153.5,13.10,167.0,115.0,180.0,14.5,14.0
218,219,Geno Smith,LV,QB,259.1,QB,LV,153.2,13.09,112.0,114.0,180.0,14.9,8.0
219,220,Anthony Richardson Sr.,Ind,QB,155.9,QB,IND,167.5,14.12,37.0,116.0,205.0,21.4,11.0
220,221,Kendre Miller,NO,RB,62.2,,,,,,,,,
221,222,Rico Dowdle,Car,RB,83.5,RB,CAR,146.8,13.03,20.0,82.0,190.0,24.6,14.0
222,223,Jacory Croskey-Merritt,Wsh,RB,27.6,RB,WAS,156.4,13.12,27.0,118.0,201.0,18.9,12.0
223,224,Adonai Mitchell,Ind,WR,78.1,,,,,,,,,
224,225,Miles Sanders,Dal,RB,72.1,RB,DAL,166.1,14.10,14.0,113.0,203.0,25.5,10.0
225,226,DJ Giddens,Ind,RB,19.5,,,,,,,,,
226,229,Ray-Ray McCloud III,Atl,WR,111.3,RB,BUF,151.1,13.07,325.0,96.0,196.0,21.2,7.0
227,230,Josh Reynolds,NYJ,WR,111.2,,,,,,,,,
228,231,Dyami Brown,Jax,WR,107.6,WR,DET,13.0,2.01,2378.0,6.0,22.0,2.5,8.0
229,232,Tutu Atwell,LAR,WR,104.8,,,,,,,,,
230,233,Calvin Austin III,Pit,WR,89.5,WR,PIT,168.4,14.12,22.0,114.0,202.0,20.7,5.0
231,234,Christian Watson,GB,WR,50.2,,,,,,,,,
232,235,Giants D/ST,NYG,D/ST,108.5,WR,DET,13.0,2.01,2378.0,6.0,22.0,2.5,8.0
233,236,Buccaneers D/ST,TB,D/ST,104.2,,,,,,,,,
234,237,Ka'imi Fairbairn,Hou,K,137.1,PK,HOU,159.0,14.03,152.0,107.0,198.0,19.7,6.0
235,238,Joshua Karty,LAR,K,137.3,PK,LAR,167.9,14.12,24.0,151.0,180.0,6.2,8.0
236,239,Samaje Perine,Cin,RB,62.7,,,,,,,,,
237,240,Kenneth Gainwell,Pit,RB,55.8,,,,,,,,,
238,241,Raheem Mostert,LV,RB,45.9,,,,,,,,,
239,242,Trevor Etienne,Car,RB,21.6,,,,,,,,,
240,243,Jarquez Hunter,LAR,RB,26.8,,,,,,,,,
241,244,Ty Johnson,Buf,RB,54.5,RB,CHI,157.1,14.01,77.0,108.0,195.0,18.7,5.0
242,245,Elijah Mitchell,KC,RB,49.1,,,,,,,,,
243,246,Clyde Edwards-Helaire,NO,RB,43.9,,,,,,,,,
244,247,Kyle Monangai,Chi,RB,41.0,,,,,,,,,
245,248,Ollie Gordon II,Mia,RB,33.5,,,,,,,,,
246,249,Sean Tucker,TB,RB,28.2,,,,,,,,,
247,250,Isaiah Davis,NYJ,RB,27.8,,,,,,,,,
248,251,Keaton Mitchell,Bal,RB,27.4,RB,BAL,160.9,14.05,51.0,113.0,210.0,26.7,7.0
249,252,Noah Brown,Wsh,WR,76.5,WR,DET,13.0,2.01,2378.0,6.0,22.0,2.5,8.0
250,253,Allen Lazard,NYJ,WR,72.9,,,,,,,,,
251,254,Cardinals D/ST,Ari,D/ST,100.0,,,,,,,,,
252,255,Packers D/ST,GB,D/ST,86.0,,,,,,,,,
253,256,Brandon McManus,GB,K,135.6,PK,GB,171.8,15.04,49.0,123.0,205.0,18.5,5.0
254,257,Evan McPherson,Cin,K,136.1,PK,CIN,157.8,14.02,235.0,111.0,209.0,17.7,10.0
255,258,Elijah Arroyo,Sea,TE,116.9,TE,SEA,160.0,14.04,11.0,132.0,210.0,26.9,8.0
256,259,Mike Gesicki,Cin,TE,115.5,,,,,,,,,
257,260,Tyler Higbee,LAR,TE,124.1,,,,,,,,,
258,261,Alec Pierce,Ind,WR,72.3,WR,IND,190.4,16.10,11.0,158.0,210.0,14.8,11.0
259,262,KaVontae Turpin,Dal,WR,71.5,,,,,,,,,
260,263,Andrei Iosivas,Cin,WR,71.2,,,,,,,,,
261,264,Jalen Tolbert,Dal,WR,69.8,,,,,,,,,
262,265,Devin Neal,NO,RB,27.0,,,,,,,,,
263,266,Kyle Juszczyk,SF,RB,27.0,,,,,,,,,
264,267,Sam Darnold,Sea,QB,242.2,QB,SEA,165.4,14.09,73.0,117.0,208.0,18.3,8.0
265,268,Aaron Rodgers,Pit,QB,231.6,QB,PIT,167.3,14.11,32.0,118.0,203.0,19.9,5.0
266,269,Russell Wilson,NYG,QB,119.8,,,,,,,,,
267,270,Tyler Shough,NO,QB,151.8,,,,,,,,,
268,271,Jalen Coker,Car,WR,64.5,,,,,,,,,
269,272,Tre Tucker,LV,WR,63.0,,,,,,,,,
270,273,Van Jefferson,Ten,WR,61.7,,,,,,,,,
271,274,Greg Dortch,Ari,WR,59.7,,,,,,,,,
272,275,Jordan Whittington,LAR,WR,58.8,RB,MIN,105.9,9.10,2080.0,68.0,150.0,14.3,6.0
273,276,Emari Demercado,Ari,RB,26.9,,,,,,,,,
274,277,Chris Brooks,GB,RB,23.9,,,,,,,,,
275,278,Alec Ingold,Mia,RB,22.3,,,,,,,,,
276,279,Sincere McCormick,LV,RB,21.6,,,,,,,,,
277,280,Dare Ogunbowale,Hou,RB,20.6,,,,,,,,,
278,281,Tahj Brooks,Cin,RB,19.5,,,,,,,,,
279,282,Brashard Smith,KC,RB,19.2,,,,,,,,,
280,283,Jordan James,SF,RB,17.7,,,,,,,,,
281,284,Jalen Nailor,Min,WR,58.6,,,,,,,,,
282,285,Chiefs D/ST,KC,D/ST,95.3,WR,DET,13.0,2.01,2378.0,6.0,22.0,2.5,8.0
283,286,Bears D/ST,Chi,D/ST,92.3,WR,DET,13.0,2.01,2378.0,6.0,22.0,2.5,8.0
284,287,Jason Myers,Sea,K,135.0,,,,,,,,,
285,288,Wil Lutz,Den,K,134.7,PK,DEN,169.2,15.01,71.0,134.0,208.0,20.2,12.0
286,289,Theo Johnson,NYG,TE,121.6,,,,,,,,,
287,290,Isaiah Likely,Bal,TE,112.7,TE,BAL,168.9,15.01,19.0,97.0,210.0,28.4,7.0
288,291,Juwan Johnson,NO,TE,113.7,,,,,,,,,
289,292,Ja'Tavion Sanders,Car,TE,102.0,,,,,,,,,
290,293,Michael Mayer,LV,TE,72.7,,,,,,,,,
291,294,Devaughn Vele,Den,WR,56.6,,,,,,,,,
292,295,Jaylin Noel,Hou,WR,56.1,,,,,,,,,
293,296,Daniel Jones,Ind,QB,131.2,,,,,,,,,
294,297,Rams D/ST,LAR,D/ST,88.5,WR,DET,13.0,2.01,2378.0,6.0,22.0,2.5,8.0
295,298,49ers D/ST,SF,D/ST,76.2,WR,DET,13.0,2.01,2378.0,6.0,22.0,2.5,8.0
296,299,Dolphins D/ST,Mia,D/ST,77.5,,,,,,,,,
297,300,Chargers D/ST,LAC,D/ST,70.8,,,,,,,,,
298,301,Jaxson Dart,NYG,QB,131.2,QB,NYG,170.9,15.03,11.0,108.0,205.0,29.7,14.0
299,302,Kenny Pickett,Cle,QB,0.0,,,,,,,,,
300,303,Devin Singletary,NYG,RB,16.9,,,,,,,,,
301,304,Jaleel McLaughlin,Den,RB,15.7,,,,,,,,,
302,305,Hunter Luepke,Dal,RB,12.3,,,,,,,,,
303,306,Pierre Strong Jr.,Cle,RB,17.9,,,,,,,,,
304,307,AJ Dillon,Phi,RB,11.2,,,,,,,,,
305,308,Emanuel Wilson,GB,RB,10.5,,,,,,,,,
306,309,Khalil Herbert,Ind,RB,10.3,,,,,,,,,
307,310,Dillon Gabriel,Cle,QB,73.8,,,,,,,,,
308,311,Noah Fant,Cin,TE,85.3,,,,,,,,,
309,312,Ben Sinnott,Wsh,TE,56.1,,,,,,,,,
310,313,Terrance Ferguson,LAR,TE,49.3,,,,,,,,,
311,314,AJ Barner,Sea,TE,81.0,,,,,,,,,
312,315,Shedeur Sanders,Cle,QB,55.2,,,,,,,,,
313,316,Joe Flacco,Cle,QB,101.6,,,,,,,,,
314,317,Spencer Rattler,NO,QB,87.7,,,,,,,,,
315,318,Kirk Cousins,Atl,QB,2.4,,,,,,,,,
316,319,Jalen Milroe,Sea,QB,0.0,,,,,,,,,
317,320,Antonio Gibson,NE,RB,10.1,,,,,,,,,
318,321,Kalel Mullings,Ten,RB,9.8,,,,,,,,,
319,322,Jashaun Corbin,Atl,RB,9.8,,,,,,,,,
320,323,Will Dissly,LAC,TE,74.3,,,,,,,,,
321,324,Noah Gray,KC,TE,69.5,,,,,,,,,
322,325,Dawson Knox,Buf,TE,47.1,,,,,,,,,
323,326,Oronde Gadsden II,LAC,TE,57.0,,,,,,,,,
324,327,Cole Kmet,Chi,TE,44.3,,,,,,,,,
325,328,Austin Hooper,NE,TE,59.3,,,,,,,,,
326,329,Harold Fannin Jr.,Cle,TE,44.7,,,,,,,,,
327,330,Luke Musgrave,GB,TE,34.4,,,,,,,,,
328,331,Foster Moreau,NO,TE,64.2,,,,,,,,,
329,332,Tyler Conklin,LAC,TE,40.9,,,,,,,,,
330,333,Tommy Tremble,Car,TE,51.3,,,,,,,,,
331,334,Josh Oliver,Min,TE,42.6,,,,,,,,,
332,335,Tyrod Taylor,NYJ,QB,2.1,,,,,,,,,
333,336,Mason Rudolph,Pit,QB,2.2,,,,,,,,,
334,337,Gardner Minshew,KC,QB,2.7,,,,,,,,,
335,338,Jameis Winston,NYG,QB,0.0,,,,,,,,,
336,339,Jake Browning,Cin,QB,2.9,,,,,,,,,
337,340,Jimmy Garoppolo,LAR,QB,2.7,,,,,,,,,
338,341,Marcus Mariota,Wsh,QB,2.7,,,,,,,,,
339,342,Sam Howell,Min,QB,2.6,,,,,,,,,
340,343,Joe Milton III,Dal,QB,2.6,RB,HOU,73.5,7.02,996.0,49.0,113.0,9.2,6.0
341,344,Kyle Trask,TB,QB,2.5,,,,,,,,,
342,345,Cam Little,Jax,K,134.1,PK,JAX,158.1,14.02,170.0,96.0,209.0,23.7,8.0
343,346,Will Reichard,Min,K,132.9,PK,MIN,165.3,14.09,38.0,120.0,197.0,17.1,6.0
344,347,Spencer Shrader,Ind,K,131.5,,,,,,,,,
345,348,Ryan Fitzgerald,Car,K,126.4,,,,,,,,,
346,349,Daniel Carlson,LV,K,130.1,PK,LV,160.6,14.05,11.0,133.0,180.0,16.0,8.0
347,350,Chad Ryland,Ari,K,127.9,,,,,,,,,
348,351,Younghoe Koo,Atl,K,127.8,PK,ATL,167.5,14.11,99.0,112.0,210.0,21.0,5.0
349,352,Andy Borregales,NE,K,127.6,,,,,,,,,
350,353,Jake Moody,SF,K,126.2,PK,SF,166.7,14.11,20.0,136.0,203.0,13.8,14.0
351,354,Blake Grupe,NO,K,125.9,,,,,,,,,
352,355,Joey Slye,Ten,K,124.9,,,,,,,,,
353,356,Graham Gano,NYG,K,124.5,,,,,,,,,
354,357,Nick Folk,NYJ,K,134.8,,,,,,,,,
355,358,Dustin Hopkins,Cle,K,118.7,,,,,,,,,
356,359,Jaguars D/ST,Jax,D/ST,82.5,,,,,,,,,
357,360,Cowboys D/ST,Dal,D/ST,81.3,,,,,,,,,
358,361,Browns D/ST,Cle,D/ST,68.6,WR,DET,13.0,2.01,2378.0,6.0,22.0,2.5,8.0
359,362,Titans D/ST,Ten,D/ST,73.3,WR,DET,13.0,2.01,2378.0,6.0,22.0,2.5,8.0
360,363,Falcons D/ST,Atl,D/ST,70.3,,,,,,,,,
361,364,Saints D/ST,NO,D/ST,60.8,WR,DET,13.0,2.01,2378.0,6.0,22.0,2.5,8.0
362,365,Commanders D/ST,Wsh,D/ST,59.7,,,,,,,,,
363,366,Raiders D/ST,LV,D/ST,54.5,,,,,,,,,
364,367,Bengals D/ST,Cin,D/ST,58.3,,,,,,,,,
365,368,Panthers D/ST,Car,D/ST,49.6,,,,,,,,,
366,369,Malik Washington,Mia,WR,55.3,,,,,,,,,
367,370,Troy Franklin,Den,WR,55.2,,,,,,,,,
368,371,Parker Washington,Jax,WR,52.9,,,,,,,,,
369,372,Elic Ayomanor,Ten,WR,52.2,,,,,,,,,
370,373,Roman Wilson,Pit,WR,51.8,,,,,,,,,
371,374,Jermaine Burton,Cin,WR,50.3,,,,,,,,,
372,375,Tim Patrick,Det,WR,49.3,,,,,,,,,
373,376,Curtis Samuel,Buf,WR,46.4,,,,,,,,,
374,377,Chimere Dike,Ten,WR,45.4,,,,,,,,,
375,378,Tory Horton,Sea,WR,43.7,WR,SEA,170.1,15.02,20.0,139.0,210.0,20.2,8.0
376,379,Demarcus Robinson,SF,WR,42.1,,,,,,,,,
377,380,Robert Woods,Pit,WR,39.3,,,,,,,,,
378,381,Kendrick Bourne,NE,WR,37.7,,,,,,,,,
379,382,Luke McCaffrey,Wsh,WR,37.6,,,,,,,,,
380,383,JuJu Smith-Schuster,KC,WR,36.7,QB,LV,153.2,13.09,112.0,114.0,180.0,14.9,8.0
381,384,Cade Stover,Hou,TE,36.5,,,,,,,,,
382,385,Tai Felton,Min,WR,36.2,,,,,,,,,
383,386,Gunnar Helm,Ten,TE,36.0,,,,,,,,,
384,387,Elijah Higgins,Ari,TE,35.9,,,,,,,,,
385,388,Mack Hollins,NE,WR,35.7,,,,,,,,,
386,389,Scott Matlock,LAC,"DT, RB",4.0,,,,,,,,,
387,390,Jaylin Lane,Wsh,WR,31.2,,,,,,,,,
388,391,KhaDarel Hodge,Atl,WR,30.5,,,,,,,,,
389,392,Zay Jones,Ari,WR,30.1,,,,,,,,,
390,393,Elijah Moore,Buf,WR,30.0,WR,CHI,46.6,4.11,795.0,34.0,65.0,4.8,5.0
391,394,Adam Trautman,Den,TE,29.5,,,,,,,,,
392,395,Jamari Thrash,Cle,WR,29.5,,,,,,,,,
393,396,Luke Schoonmaker,Dal,TE,29.0,,,,,,,,,
394,397,Marquez Valdes-Scantling,Sea,WR,28.1,,,,,,,,,
395,398,Kalif Raymond,Det,WR,27.2,,,,,,,,,
396,399,Olamide Zaccheaus,Chi,WR,26.8,,,,,,,,,
397,400,Jahan Dotson,Phi,WR,25.8,,,,,,,,,
398,401,Malachi Corley,NYJ,WR,25.4,,,,,,,,,
399,402,Julian Hill,Mia,TE,25.1,,,,,,,,,
400,403,Dontayvion Wicks,GB,WR,24.7,,,,,,,,,
401,404,Savion Williams,GB,WR,23.0,,,,,,,,,
402,405,Johnny Mundt,Jax,TE,22.4,,,,,,,,,
403,406,Josh Whyle,Ten,TE,22.4,,,,,,,,,
404,407,Charlie Woerner,Atl,TE,21.3,,,,,,,,,
405,408,Jake Bobo,Sea,WR,20.9,,,,,,,,,
406,409,Derius Davis,LAC,WR,19.7,,,,,,,,,
407,410,Grant Calcaterra,Phi,TE,19.7,,,,,,,,,
408,411,Arian Smith,NYJ,WR,17.8,WR,SEA,36.0,3.12,1996.0,23.0,53.0,4.7,8.0
409,412,Jonathan Mingo,Dal,WR,17.5,,,,,,,,,
410,413,Tim Jones,Min,WR,17.1,,,,,,,,,
411,414,Jeremy Ruckert,NYJ,TE,17.0,,,,,,,,,
412,415,Tyquan Thornton,KC,WR,17.0,,,,,,,,,
413,416,Dante Pettis,NO,WR,16.9,,,,,,,,,
414,417,Daniel Bellinger,NYG,TE,16.6,,,,,,,,,
415,418,Drew Sample,Cin,TE,15.2,,,,,,,,,
416,419,Colby Parkinson,LAR,TE,14.7,,,,,,,,,
417,420,Justin Watson,Hou,WR,13.5,,,,,,,,,
418,421,Darnell Washington,Pit,TE,13.5,,,,,,,,,
419,422,Tommy Mellott,LV,WR,13.3,,,,,,,,,
420,423,Hunter Renfrow,Car,WR,13.0,,,,,,,,,
421,424,Mo Alie-Cox,Ind,TE,12.4,,,,,,,,,
422,425,Jamal Agnew,Atl,WR,11.9,,,,,,,,,
423,426,Michael Burton,Den,RB,11.0,,,,,,,,,
424,427,Jordan Watkins,SF,WR,10.1,,,,,,,,,
425,428,Brevyn Spann-Ford,Dal,TE,10.0,RB,CLE,136.9,12.05,368.0,89.0,180.0,18.3,9.0
426,429,Jalen Royals,KC,WR,10.0,,,,,,,,,
427,430,Brock Wright,Det,TE,9.8,,,,,,,,,
428,431,Payne Durham,TB,TE,9.7,,,,,,,,,
429,432,Pharaoh Brown,Mia,TE,9.5,,,,,,,,,
430,433,Isaac TeSlaa,Det,WR,9.3,,,,,,,,,
431,434,C.J. Ham,Min,RB,9.2,TE,MIN,75.7,7.04,585.0,52.0,112.0,8.9,6.0
432,435,Ian Thomas,LV,TE,9.1,WR,JAX,15.2,2.03,1549.0,7.0,24.0,3.0,8.0
433,436,John Bates,Wsh,TE,9.0,,,,,,,,,
434,437,Tip Reiman,Ari,TE,8.9,,,,,,,,,
435,438,Luke Farrell,SF,TE,8.9,,,,,,,,,
436,439,Damien Martinez,Sea,RB,8.9,,,,,,,,,
437,440,Eric Saubert,Sea,TE,8.8,,,,,,,,,
438,441,Ty Chandler,Min,RB,8.8,,,,,,,,,
439,442,Austin Trammell,Jax,WR,8.7,,,,,,,,,
440,443,Michael Gallup,Wsh,WR,8.7,,,,,,,,,
441,444,Ihmir Smith-Marsette,NYG,WR,8.6,WR,PHI,49.5,5.02,1010.0,37.0,68.0,4.8,9.0
442,445,Bryce Oliver,Ten,WR,8.6,,,,,,,,,
443,446,Charlie Kolar,Bal,TE,8.5,,,,,,,,,
444,447,Durham Smythe,Chi,TE,8.3,,,,,,,,,
445,448,DeeJay Dallas,Ari,RB,8.1,,,,,,,,,
446,449,Scotty Miller,Pit,WR,8.1,,,,,,,,,
447,450,Jalin Hyatt,NYG,WR,7.9,,,,,,,,,
448,451,Craig Reynolds,Det,RB,7.6,,,,,,,,,
449,452,Devin Duvernay,Chi,WR,7.3,,,,,,,,,
450,453,Charlie Jones,Cin,WR,7.2,,,,,,,,,
451,454,Rasheen Ali,Bal,RB,7.1,,,,,,,,,
452,455,Patrick Ricard,Bal,RB,7.0,,,,,,,,,
453,456,Jacob Cowing,SF,WR,6.9,,,,,,,,,
454,457,Jeremy McNichols,Wsh,RB,6.8,,,,,,,,,
455,458,Kimani Vidal,LAC,RB,6.8,,,,,,,,,
456,459,Carson Steele,KC,RB,6.6,,,,,,,,,
457,460,Britain Covey,LAR,WR,6.6,,,,,,,,,
458,461,Tez Johnson,TB,WR,6.0,,,,,,,,,
459,462,Malik Heath,GB,WR,5.4,,,,,,,,,
460,463,Xavier Gipson,NYJ,WR,5.4,,,,,,,,,
461,464,Dee Eskridge,Mia,WR,5.4,,,,,,,,,
462,465,Audric Estime,Den,RB,5.1,,,,,,,,,
463,466,Jared Wiley,KC,TE,5.1,,,,,,,,,
464,467,Tanner Conner,Mia,TE,5.0,,,,,,,,,
465,468,Tanner Hudson,Cin,TE,5.0,,,,,,,,,
466,469,Nate Adkins,Den,TE,4.9,,,,,,,,,
467,470,Gavin Bartholomew,Min,TE,4.9,,,,,,,,,
468,471,Ryan Flournoy,Dal,WR,4.8,,,,,,,,,
469,472,Davis Allen,LAR,TE,4.8,,,,,,,,,
470,473,Tylan Wallace,Bal,WR,4.8,,,,,,,,,
471,474,Tucker Fisk,LAC,TE,4.7,,,,,,,,,
472,475,Lucas Krull,Den,TE,4.6,,,,,,,,,
473,476,KeAndre Lambert-Smith,LAC,WR,4.6,WR,PHI,49.5,5.02,1010.0,37.0,68.0,4.8,9.0
474,477,Mitchell Evans,Car,TE,4.5,,,,,,,,,
475,478,Hunter Long,Jax,TE,4.5,,,,,,,,,
476,479,Laviska Shenault Jr.,Buf,WR,4.5,,,,,,,,,
477,480,Trent Sherfield Sr.,Den,WR,4.5,,,,,,,,,
478,481,David Martin-Robinson,Ten,TE,4.5,RB,ATL,2.2,1.02,1383.0,1.0,5.0,0.8,5.0
479,482,Jackson Hawes,Buf,TE,4.4,,,,,,,,,
480,483,Blake Whiteheart,Cle,TE,4.4,,,,,,,,,
481,484,Brenden Bates,Cle,TE,4.4,,,,,,,,,
482,485,Connor Heyward,Pit,TE,4.4,,,,,,,,,
483,486,Feleipe Franks,Atl,TE,4.4,,,,,,,,,
484,487,Chris Manhertz,NYG,TE,4.3,,,,,,,,,
485,488,Jaheim Bell,NE,TE,4.3,,,,,,,,,
486,489,John Metchie III,Phi,WR,4.3,,,,,,,,,
487,490,Devontez Walker,Bal,WR,4.2,,,,,,,,,
488,491,Jack Stoll,NO,TE,4.2,,,,,,,,,
489,492,Simi Fehoko,Ari,WR,4.2,,,,,,,,,
490,493,Kevin Austin Jr.,NO,WR,4.1,,,,,,,,,
491,494,Kayshon Boutte,NE,WR,4.1,,,,,,,,,
492,495,Cedrick Wilson Jr.,NO,WR,4.1,,,,,,,,,
493,496,David Moore,Car,WR,4.0,,,,,,,,,
494,497,David Bell,Cle,WR,3.9,RB,DET,57.6,5.10,829.0,41.0,73.0,6.3,8.0
495,498,Robbie Ouzts,Sea,RB,3.9,,,,,,,,,
496,499,Ainias Smith,Phi,WR,3.8,WR,SEA,36.0,3.12,1996.0,23.0,53.0,4.7,8.0
497,500,Kylen Granson,Phi,TE,3.8,,,,,,,,,
498,501,Drew Ogletree,Ind,TE,3.8,,,,,,,,,
499,502,Johnny Wilson,Phi,WR,3.8,,,,,,,,,
500,503,Anthony Gould,Ind,WR,3.8,QB,IND,167.5,14.12,37.0,116.0,205.0,21.4,11.0
501,504,Stone Smartt,NYJ,TE,3.7,,,,,,,,,
502,505,Ashton Dulin,Ind,WR,3.6,,,,,,,,,
503,506,Steven Sims,Sea,WR,3.2,,,,,,,,,
504,507,Nikko Remigio,KC,WR,2.9,,,,,,,,,
505,508,DeAndre Carter,Cle,WR,2.9,,,,,,,,,
506,509,Travis Homer,Chi,RB,2.8,,,,,,,,,
507,510,Nick Mullens,Jax,QB,2.4,,,,,,,,,
508,511,Jarrett Stidham,Den,QB,2.4,,,,,,,,,
509,512,Taylor Heinicke,LAC,QB,2.4,,,,,,,,,
510,513,Malik Willis,GB,QB,2.4,,,,,,,,,
511,514,Zach Wilson,Mia,QB,2.4,,,,,,,,,
512,515,Andy Dalton,Car,QB,2.3,,,,,,,,,
513,516,Cooper Rush,Bal,QB,2.3,,,,,,,,,
514,517,LeQuint Allen Jr.,Jax,RB,2.3,QB,BUF,25.0,3.01,1568.0,12.0,36.0,4.8,7.0
515,518,Jacoby Brissett,Ari,QB,2.2,,,,,,,,,
516,519,Aidan O'Connell,LV,QB,2.2,,,,,,,,,
517,520,Hendon Hooker,Det,QB,2.2,,,,,,,,,
518,521,Davis Mills,Hou,QB,2.2,,,,,,,,,
519,522,Drew Lock,Sea,QB,2.2,,,,,,,,,
520,523,Case Keenum,Chi,QB,2.1,,,,,,,,,
521,524,Joshua Dobbs,NE,QB,2.1,,,,,,,,,
522,525,Mitchell Trubisky,Buf,QB,2.1,,,,,,,,,
523,526,Tanner McKee,Phi,QB,2.1,,,,,,,,,
524,527,Mac Jones,SF,QB,2.1,,,,,,,,,
525,528,Brandon Allen,Ten,QB,2.0,RB,NYJ,150.5,13.06,242.0,80.0,210.0,26.7,9.0
526,529,Raheem Blackshear,Car,RB,2.0,,,,,,,,,
527,530,Braxton Berrios,Hou,WR,1.9,,,,,,,,,
528,531,Avery Williams,Phi,RB,1.4,,,,,,,,,
529,532,Tyler Goodson,Ind,RB,1.4,,,,,,,,,
530,533,Dylan Laube,LV,RB,1.2,,,,,,,,,
531,534,Xavier Smith,LAR,WR,1.1,WR,SEA,36.0,3.12,1996.0,23.0,53.0,4.7,8.0
532,535,Dameon Pierce,Hou,RB,1.0,,,,,,,,,
533,536,Patrick Taylor Jr.,SF,RB,1.0,,,,,,,,,
534,537,Tom Kennedy,Det,WR,0.8,,,,,,,,,
535,538,Eric Gray,NYG,RB,0.8,,,,,,,,,
536,539,Mason Kinsey,Ten,WR,0.7,,,,,,,,,
537,540,Trey Palmer,TB,WR,0.7,,,,,,,,,
538,541,Julius Chestnut,Ten,RB,0.6,,,,,,,,,
539,542,LaJohntay Wester,Bal,WR,0.4,,,,,,,,,
540,543,Isaiah Williams,Cin,WR,0.4,,,,,,,,,
541,544,Jimmy Horn Jr.,Car,WR,0.4,,,,,,,,,
542,545,Tyler Scott,Chi,WR,0.2,,,,,,,,,
543,546,Jha'Quan Jackson,Ten,WR,0.2,,,,,,,,,
544,547,Chris Moore,Wsh,WR,0.0,,,,,,,,,
545,548,Zach Pascal,NYG,WR,0.0,,,,,,,,,
546,549,Robert Tonyan,KC,TE,0.0,,,,,,,,,
547,550,Laquon Treadwell,Ind,WR,0.0,,,,,,,,,
548,551,Nick Vannett,Min,TE,0.0,,,,,,,,,
549,552,River Cracraft,Wsh,WR,0.0,,,,,,,,,
550,553,Trent Taylor,SF,WR,0.0,,,,,,,,,
551,554,Keith Kirkwood,Bal,WR,0.0,,,,,,,,,
552,556,Kyle Allen,Det,QB,0.0,,,,,,,,,
553,557,Mike White,Buf,QB,0.0,,,,,,,,,
554,558,Phillip Dorsett,LV,WR,0.0,,,,,,,,,
555,559,Taysom Hill,NO,TE,0.0,,,,,,,,,
556,560,Trayveon Williams,Cle,RB,0.0,,,,,,,,,
557,561,Trevor Siemian,Ten,QB,0.0,,,,,,,,,
558,562,Ameer Abdullah,SF,RB,0.0,,,,,,,,,
559,563,Brett Rypien,Min,QB,0.0,,,,,,,,,
560,564,Easton Stick,Atl,QB,0.0,,,,,,,,,
561,565,Jeff Wilson Jr.,SF,RB,0.0,,,,,,,,,
562,566,Logan Woodside,Pit,QB,0.0,,,,,,,,,
563,567,Mecole Hardman,GB,WR,0.0,,,,,,,,,
564,568,Equanimeous St. Brown,SF,WR,0.0,WR,PHI,19.1,2.07,1330.0,12.0,28.0,2.5,9.0
565,569,Myles Gaskin,Bal,RB,0.0,,,,,,,,,
566,570,Nyheim Miller-Hines,LAC,RB,0.0,,,,,,,,,
567,571,Miles Boykin,Chi,WR,0.0,,,,,,,,,
568,572,Irv Smith Jr.,Hou,TE,0.0,WR,SEA,36.0,3.12,1996.0,23.0,53.0,4.7,8.0
569,573,Alexander Mattison,Mia,RB,0.0,,,,,,,,,
570,575,Mike Boone,Mia,RB,0.0,,,,,,,,,
571,576,Deshaun Watson,Cle,QB,0.0,,,,,,,,,
572,577,Sterling Shepard,TB,WR,0.0,,,,,,,,,
573,578,Robbie Chosen,SF,WR,0.0,,,,,,,,,
574,579,Teddy Bridgewater,TB,QB,0.0,,,,,,,,,
575,580,Josh Johnson,Wsh,QB,0.0,,,,,,,,,
576,581,Tyree Jackson,Wsh,TE,0.0,,,,,,,,,
577,582,Lil'Jordan Humphrey,NYG,WR,0.0,RB,MIN,105.9,9.10,2080.0,68.0,150.0,14.3,6.0
578,583,Gunner Olszewski,NYG,WR,0.0,,,,,,,,,
579,584,D'Ernest Johnson,Bal,RB,0.0,,,,,,,,,
580,585,Andrew Beck,NYJ,RB,0.0,,,,,,,,,
581,586,Stephen Carlson,Chi,TE,0.0,,,,,,,,,
582,587,Jakob Johnson,Hou,RB,0.0,,,,,,,,,
583,588,Trenton Irwin,Jax,WR,0.0,,,,,,,,,
584,589,Donald Parham Jr.,Pit,TE,0.0,,,,,,,,,
585,590,Cam Akers,NO,RB,0.0,,,,,,,,,
586,591,Jalen Reagor,LAC,WR,0.0,,,,,,,,,
587,592,Ke'Shawn Vaughn,SF,RB,0.0,,,,,,,,,
588,593,Darrynton Evans,Buf,RB,0.0,WR,TB,32.4,3.08,1386.0,21.0,46.0,4.1,9.0
589,594,KJ Hamler,Buf,WR,0.0,,,,,,,,,
590,595,Tyler Johnson,NYJ,WR,0.0,,,,,,,,,
591,596,Quintez Cephus,Hou,WR,0.0,,,,,,,,,
592,597,Josiah Deguara,Ari,TE,0.0,,,,,,,,,
593,598,Harrison Bryant,Hou,TE,0.0,,,,,,,,,
594,599,Donovan Peoples-Jones,NO,WR,0.0,RB,MIN,59.2,5.11,865.0,42.0,72.0,6.6,6.0
595,600,Dalton Keene,Hou,TE,0.0,,,,,,,,,
596,601,Albert Okwuegbunam,LV,TE,0.0,,,,,,,,,
597,602,Collin Johnson,LV,WR,0.0,,,,,,,,,
598,603,K.J. Osborn,Wsh,WR,0.0,,,,,,,,,
599,604,James Proche II,Ten,WR,0.0,RB,BUF,31.7,3.08,2589.0,19.0,46.0,4.9,7.0
600,605,Isaiah Hodgins,SF,WR,0.0,,,,,,,,,
601,606,Marquez Callaway,LV,WR,0.0,,,,,,,,,
602,607,JaMycal Hasty,NE,RB,0.0,,,,,,,,,
603,608,J.J. Taylor,Hou,RB,0.0,,,,,,,,,
604,609,Salvon Ahmed,Ind,RB,0.0,,,,,,,,,
605,610,Reggie Gilliam,Buf,RB,0.0,,,,,,,,,
606,611,Malik Taylor,Det,WR,0.0,,,,,,,,,
607,612,John Wolford,Jax,QB,0.0,,,,,,,,,
608,613,Sean McKeon,Ind,TE,0.0,,,,,,,,,
609,614,Trishton Jackson,Ari,WR,0.0,,,,,,,,,
610,615,Tyler Huntley,Cle,QB,0.0,,,,,,,,,
611,616,Jonathan Ward,NYG,RB,0.0,,,,,,,,,
612,617,Lawrence Cager,Wsh,TE,0.0,,,,,,,,,
613,618,Kristian Wilkerson,Buf,WR,0.0,,,,,,,,,
614,619,Michael Carter,Ari,RB,0.0,,,,,,,,,
615,620,Trey Sermon,Pit,RB,0.0,,,,,,,,,
616,621,Terrace Marshall Jr.,Phi,WR,0.0,,,,,,,,,
617,622,Rondale Moore,Min,WR,0.0,WR,CHI,46.6,4.11,795.0,34.0,65.0,4.8,5.0
618,623,Trey Lance,LAC,QB,0.0,,,,,,,,,
619,624,Jermar Jefferson,Ten,RB,0.0,,,,,,,,,
620,625,Dez Fitzpatrick,LAC,WR,0.0,,,,,,,,,
621,626,Gary Brightwell,Cin,RB,0.0,,,,,,,,,
622,627,Demetric Felton,Wsh,RB,0.0,,,,,,,,,
623,628,Jacob Harris,TB,WR,0.0,,,,,,,,,
624,629,Brevin Jordan,Hou,TE,0.0,,,,,,,,,
625,630,Kene Nwangwu,NYJ,RB,0.0,,,,,,,,,
626,631,Zach Davidson,Buf,TE,0.0,,,,,,,,,
627,632,Sam Ehlinger,Den,QB,0.0,,,,,,,,,
628,633,Ben Skowronek,Pit,WR,0.0,,,,,,,,,
629,634,Jaret Patterson,LAC,RB,0.0,,,,,,,,,
630,635,Kenny Yeboah,Det,TE,0.0,,,,,,,,,
631,636,Cody White,Sea,WR,0.0,,,,,,,,,
632,637,Deon Jackson,Det,RB,0.0,,,,,,,,,
633,638,Giovanni Ricci,Min,TE,0.0,,,,,,,,,
634,639,Shane Zylstra,Det,TE,0.0,,,,,,,,,
635,640,Michael Bandy,Den,WR,0.0,,,,,,,,,
636,641,Tarik Black,Mia,WR,0.0,,,,,,,,,
637,642,Tyler Mabry,Car,TE,0.0,,,,,,,,,
638,643,D.J. Montgomery,Ind,WR,0.0,WR,PHI,19.1,2.07,1330.0,12.0,28.0,2.5,9.0
639,644,David Sills V,Atl,WR,0.0,,,,,,,,,
640,645,Treylon Burks,Ten,WR,0.0,,,,,,,,,
641,646,Skyy Moore,KC,WR,0.0,,,,,,,,,
642,647,Velus Jones Jr.,NO,RB,0.0,,,,,,,,,
643,648,Hassan Haskins,LAC,RB,0.0,,,,,,,,,
644,649,Zamir White,LV,RB,0.0,,,,,,,,,
645,650,Desmond Ridder,Cin,QB,0.0,,,,,,,,,
646,651,Tyrion Davis-Price,GB,RB,0.0,RB,BUF,151.1,13.07,325.0,96.0,196.0,21.2,7.0
647,652,Jelani Woods,Ind,TE,0.0,,,,,,,,,
648,653,Greg Dulcich,NYG,TE,0.0,,,,,,,,,
649,654,Ko Kieft,TB,TE,0.0,,,,,,,,,
650,655,Erik Ezukanma,Mia,WR,0.0,,,,,,,,,
651,656,Keaontay Ingram,KC,RB,0.0,,,,,,,,,
652,657,Teagan Quitoriano,Atl,TE,0.0,,,,,,,,,
653,658,Cole Turner,Wsh,TE,0.0,,,,,,,,,
654,659,John FitzPatrick,GB,TE,0.0,,,,,,,,,
655,660,Bailey Zappe,KC,QB,0.0,,,,,,,,,
656,661,Bam Knight,Ari,RB,0.0,,,,,,,,,
657,662,Nick Muse,Phi,TE,0.0,,,,,,,,,
658,663,James Mitchell,Car,TE,0.0,,,,,,,,,
659,664,Tyler Badie,Den,RB,0.0,,,,,,,,,
660,665,Montrell Washington,NYG,WR,0.0,,,,,,,,,
661,666,Samori Toure,Chi,WR,0.0,,,,,,,,,
662,667,Skylar Thompson,Pit,QB,0.0,,,,,,,,,
663,668,Dareke Young,Sea,WR,0.0,,,,,,,,,
664,669,Chris Oladokun,KC,QB,0.0,,,,,,,,,
665,670,Brittain Brown,Chi,RB,0.0,,,,,,,,,
666,671,Brandon Smith,NYJ,WR,0.0,,,,,,,,,
667,672,Lance McCutcheon,Pit,WR,0.0,,,,,,,,,
668,673,Jake Tonges,SF,TE,0.0,,,,,,,,,
669,674,Jalen Virgil,Buf,WR,0.0,,,,,,,,,
670,675,Quintin Morris,Jax,TE,0.0,,,,,,,,,
671,676,Shane Buechele,Buf,QB,0.0,,,,,,,,,
672,677,Kendric Pryor,Cin,WR,0.0,,,,,,,,,
673,678,Malik Davis,Dal,RB,0.0,,,,,,,,,
674,679,Ronnie Rivers,LAR,RB,0.0,,,,,,,,,
675,680,Andre Baccellia,Ari,WR,0.0,,,,,,,,,
676,681,Nikola Kalinic,Atl,TE,0.0,,,,,,,,,
677,682,Dennis Houston,TB,WR,0.0,,,,,,,,,
678,683,Brandon Johnson,Pit,WR,0.0,,,,,,,,,
679,684,Tay Martin,Wsh,WR,0.0,,,,,,,,,
680,686,Braylon Sanders,Wsh,WR,0.0,,,,,,,,,
681,687,Maurice Alexander,Chi,WR,0.0,,,,,,,,,
682,688,Deuce Vaughn,Dal,RB,0.0,,,,,,,,,
683,689,Will Levis,Ten,QB,0.0,,,,,,,,,
684,690,Stetson Bennett IV,LAR,QB,0.0,,,,,,,,,
685,691,Tank Dell,Hou,WR,0.0,,,,,,,,,
686,692,Cameron Latu,Phi,TE,0.0,,,,,,,,,
687,693,Sean Clifford,GB,QB,0.0,,,,,,,,,
688,694,Justin Shorter,LV,TE,0.0,,,,,,,,,
689,695,Evan Hull,Pit,RB,0.0,PK,CIN,157.8,14.02,235.0,111.0,209.0,17.7,10.0
690,696,Israel Abanikanda,GB,RB,0.0,,,,,,,,,
691,697,Lew Nichols,Pit,RB,0.0,,,,,,,,,
692,698,Will Mallory,Ind,TE,0.0,,,,,,,,,
693,699,Zack Kuntz,NYJ,TE,0.0,,,,,,,,,
694,700,Kenny McIntosh,Sea,RB,0.0,,,,,,,,,
695,701,Jake Haener,NO,QB,0.0,,,,,,,,,
696,702,Chris Rodriguez Jr.,Wsh,RB,0.0,WR,NO,75.5,7.04,990.0,53.0,97.0,8.3,11.0
697,703,Dorian Thompson-Robinson,Phi,QB,0.0,RB,ATL,2.2,1.02,1383.0,1.0,5.0,0.8,5.0
698,704,Ronnie Bell,Det,WR,0.0,,,,,,,,,
699,705,Clayton Tune,Ari,QB,0.0,,,,,,,,,
700,706,Brayden Willis,SF,TE,0.0,,,,,,,,,
701,707,Jalen Brooks,Dal,WR,0.0,,,,,,,,,
702,708,Xavier Hutchinson,Hou,WR,0.0,,,,,,,,,
703,709,A.T. Perry,Den,WR,0.0,,,,,,,,,
704,710,Deneric Prince,NE,RB,0.0,,,,,,,,,
705,711,Jason Brownlee,KC,WR,0.0,,,,,,,,,
706,712,Elijah Dotson,Atl,RB,0.0,,,,,,,,,
707,713,Rakim Jarrett,TB,WR,0.0,,,,,,,,,
708,714,Tyson Bagent,Chi,QB,0.0,,,,,,,,,
709,715,Malik Cunningham,Bal,WR,0.0,,,,,,,,,
710,716,Mitchell Tinsley,Cin,WR,0.0,,,,,,,,,
711,717,Irvin Charles,NYJ,WR,0.0,,,,,,,,,
712,718,Elijah Cooks,Phi,WR,0.0,,,,,,,,,
713,719,Ben Sims,GB,TE,0.0,,,,,,,,,
714,720,Ben VanSumeren,Phi,RB,0.0,,,,,,,,,
715,721,Princeton Fant,Dal,TE,0.0,,,,,,,,,
716,722,Shedrick Jackson,LV,WR,0.0,,,,,,,,,
717,723,Brady Russell,Sea,RB,0.0,,,,,,,,,
718,724,Ryan Miller,TB,WR,0.0,,,,,,,,,
719,725,Jordan Mims,Ten,RB,0.0,,,,,,,,,
720,726,Tommy DeVito,NYG,QB,0.0,,,,,,,,,
721,727,Lucky Jackson,Min,WR,0.0,,,,,,,,,
722,728,Travis Vokolek,Ari,TE,0.0,,,,,,,,,
723,729,Cole Fotheringham,NE,TE,0.0,,,,,,,,,
724,730,Owen Wright,TB,RB,0.0,,,,,,,,,
725,731,Chris Blair,Atl,WR,0.0,,,,,,,,,
726,732,Dylan Drummond,Atl,WR,0.0,,,,,,,,,
727,733,Jonathon Brooks,Car,RB,0.0,,,,,,,,,
728,734,Ja'Lynn Polk,NE,WR,0.0,,,,,,,,,
729,735,Jase McClellan,TB,RB,0.0,,,,,,,,,
730,736,Javon Baker,NE,WR,0.0,,,,,,,,,
731,737,Brenden Rice,LAC,WR,0.0,,,,,,,,,
732,738,Erick All Jr.,Cin,TE,0.0,WR,ARI,38.4,4.02,1571.0,25.0,56.0,5.0,8.0
733,739,Bub Means,NO,WR,0.0,,,,,,,,,
734,740,Casey Washington,Atl,WR,0.0,,,,,,,,,
735,741,Jawhar Jordan,Hou,RB,0.0,,,,,,,,,
736,742,Cornelius Johnson,GB,WR,0.0,,,,,,,,,
737,743,Devin Culp,TB,TE,0.0,,,,,,,,,
738,744,Keilan Robinson,Phi,RB,0.0,,,,,,,,,
739,745,Sione Vaki,Det,RB,0.0,,,,,,,,,
740,746,Tahj Washington,Mia,WR,0.0,,,,,,,,,
741,747,Tejhaun Palmer,Ari,WR,0.0,,,,,,,,,
742,748,Devin Leary,Bal,QB,0.0,,,,,,,,,
743,749,Tanner McLachlan,Cin,TE,0.0,,,,,,,,,
744,750,Dante Miller,NYG,RB,0.0,,,,,,,,,
745,751,Blake Watson,Den,RB,0.0,,,,,,,,,
746,752,Jacob Saylors,Det,RB,0.0,,,,,,,,,
747,753,John Stephens Jr.,Dal,TE,0.0,,,,,,,,,
748,754,Michael Wiley,KC,RB,0.0,,,,,,,,,
749,755,Bryce Ford-Wheaton,NYG,WR,0.0,RB,CLE,136.9,12.05,368.0,89.0,180.0,18.3,9.0
750,756,Mason Tipton,NO,WR,0.0,,,,,,,,,
751,757,Kameron Johnson,TB,WR,0.0,,,,,,,,,
752,758,British Brooks,Hou,RB,0.0,,,,,,,,,
753,759,Colson Yankoff,Wsh,TE,0.0,,,,,,,,,
754,760,Xavier Weaver,Ari,WR,0.0,,,,,,,,,
755,761,Cody Schrader,LAR,RB,0.0,,,,,,,,,
756,762,Thomas Odukoya,Ten,TE,0.0,,,,,,,,,
757,763,Terrell Jennings,NE,RB,0.0,,,,,,,,,
758,764,Aaron Shampklin,Mia,RB,0.0,,,,,,,,,
759,765,Alex Bachman,LV,WR,0.0,,,,,,,,,
760,766,Kaden Davis,Cle,WR,0.0,,,,,,,,,
761,767,Joshua Cephus,Jax,WR,0.0,,,,,,,,,
762,768,Kendall Milton,Cin,RB,0.0,,,,,,,,,
763,769,Carlos Washington Jr.,Atl,RB,0.0,,,,,,,,,
764,770,Cam Grandy,Cin,TE,0.0,,,,,,,,,
765,771,Jalen Cropper,Dal,WR,0.0,,,,,,,,,
766,772,Jaylen Johnson,LAC,WR,0.0,,,,,,,,,
767,773,Frank Gore Jr.,Buf,RB,0.0,,,,,,,,,
768,774,E.J. Jenkins,Phi,TE,0.0,WR,LV,167.2,14.11,39.0,106.0,205.0,23.4,8.0
769,775,Baylor Cupp,Bal,TE,0.0,,,,,,,,,
770,776,Tyrell Shavers,Buf,WR,0.0,,,,,,,,,
771,777,Chris Collier,LV,RB,0.0,,,,,,,,,
772,778,George Holani,Sea,RB,0.0,,,,,,,,,
773,779,Brycen Tremayne,Car,WR,0.0,,,,,,,,,
774,780,Jack Westover,NE,TE,0.0,,,,,,,,,
775,781,Anthony Miller,Bal,WR,0.0,QB,IND,167.5,14.12,37.0,116.0,205.0,21.4,11.0
776,782,Quinn Ewers,Mia,QB,0.0,,,,,,,,,
777,783,Phil Mafah,Dal,RB,0.0,,,,,,,,,
778,784,Luke Lachey,Hou,TE,0.0,,,,,,,,,
779,785,Graham Mertz,Hou,QB,0.0,,,,,,,,,
780,786,Thomas Fidone II,NYG,TE,0.0,,,,,,,,,
781,787,Kurtis Rourke,SF,QB,0.0,,,,,,,,,
782,788,Cam Miller,LV,QB,0.0,,,,,,,,,
783,789,Ricky White III,Sea,WR,0.0,,,,,,,,,
784,790,Kaden Prather,Buf,WR,0.0,,,,,,,,,
785,791,Caleb Lohner,Den,TE,0.0,,,,,,,,,
786,792,Konata Mumpfield,LAR,WR,0.0,,,,,,,,,
787,793,Dominic Lovett,Det,WR,0.0,,,,,,,,,
788,794,Moliki Matavao,NO,TE,0.0,,,,,,,,,
789,795,Junior Bergen,SF,WR,0.0,,,,,,,,,
790,796,Kyle McCord,Phi,QB,0.0,,,,,,,,,
791,797,Riley Leonard,Ind,QB,0.0,,,,,,,,,
792,798,Will Howard,Pit,QB,0.0,,,,,,,,,
793,799,Nick Nash,Atl,WR,0.0,,,,,,,,,
794,800,Xavier Restrepo,Ten,WR,0.0,,,,,,,,,
795,801,Isaiah Neyor,GB,WR,0.0,,,,,,,,,
796,802,Donovan Edwards,NYJ,RB,0.0,,,,,,,,,
797,803,Corey Kiner,SF,RB,0.0,,,,,,,,,
798,804,Efton Chism III,NE,WR,0.0,,,,,,,,,
799,805,Theo Wease Jr.,Mia,WR,0.0,,,,,,,,,
800,806,Raheim Sanders,LAC,RB,0.0,,,,,,,,,
801,807,Chandler Brayboy,Jax,WR,0.0,,,,,,,,,
802,808,Lan Larison,NE,RB,0.0,,,,,,,,,
803,809,Dominique Dafney,Car,TE,0.0,,,,,,,,,
804,811,AJ McCarron,Cin,QB,0.0,,,,,,,,,
805,814,Matthew Slater,NE,WR,0.0,,,,,,,,,
806,816,Brian Hoyer,LV,QB,0.0,RB,WAS,79.6,7.08,891.0,60.0,96.0,7.3,12.0
807,862,Damien Harris,Buf,RB,0.0,,,,,,,,,
808,875,Mike Williams,LAC,WR,0.0,WR,NE,163.2,14.07,56.0,114.0,199.0,20.8,14.0
809,882,DeVante Parker,Phi,WR,0.0,,,,,,,,,
810,890,Derek Carr,NO,QB,0.0,,,,,,,,,
811,926,Ben DiNucci,Atl,QB,0.0,,,,,,,,,
812,935,Matt Sokol,Buf,TE,0.0,,,,,,,,,
813,937,Matthew Wright,Car,K,0.0,,,,,,,,,
814,945,Tre' McKitty,Hou,TE,0.0,,,,,,,,,
815,958,Adam Prentice,Den,RB,0.0,,,,,,,,,
816,962,Matt Bushman,KC,TE,0.0,PK,WAS,136.0,12.04,164.0,63.0,188.0,27.8,12.0
817,1028,Michael Pratt,TB,QB,0.0,,,,,,,,,
818,1035,Parker Romo,NE,K,0.0,,,,,,,,,
819,1041,Jude McAtamney,NYG,K,0.0,,,,,,,,,
820,1043,Caden Davis,Buf,K,0.0,,,,,,,,,
821,1044,Harrison Mevis,NYJ,K,0.0,,,,,,,,,
